{"cameraMode":{"drawMode":0,"name":"Shaded","section":"Shading Mode"},"sceneLighting":false,"audioPlay":false,"sceneViewState":{"m_AlwaysRefresh":false,"showFog":true,"showSkybox":true,"showFlares":true,"showImageEffects":true,"showParticleSystems":false,"showVisualEffectGraphs":true,"m_FxEnabled":true},"in2DMode":false,"pivot":{"x":10.326567649841309,"y":-7.441352367401123,"z":18.0926570892334},"rotation":{"x":0.19034987688064576,"y":0.14954662322998048,"z":-0.029352976009249688,"w":0.9698189496994019},"size":17.512243270874025,"orthographic":false}